OperatorId,OperatorName,Owner,TotalOperatorTokens,DelegatorId,DelegatorsOperatorTokens
0x00027f3ffb7163f3737d6e74f1e6c7f240319de9,FranceCentral,0x942475bb34275b2c752164310403c4a274ff9e61,7000.0,0x942475bb34275b2c752164310403c4a274ff9e61,7000.0
0x004b3b17925d0b308ec6ba4a9e3c7a5b23a8a046,Happy Hosts Scotland,0xb2aa1d1939396df77590ded9dec1e2a88385982e,10293.491891013159873227,0xb2aa1d1939396df77590ded9dec1e2a88385982e,10293.491891013159873227
0x016d6659b97f2b61386e02d65178bf186f98a9f4,Waffle_Op,0x363f2d276e8d42651000b4f485eed1f4f6c98d50,10925.244230994465423456,0x363f2d276e8d42651000b4f485eed1f4f6c98d50,10925.244230994465423456
0x020c86fa88238da04bb22371638d9abccff610d6,StreamrDreamr,0xc97c0b83c1cf94201addbe641d15d331a0555699,19825.6454,0xc97c0b83c1cf94201addbe641d15d331a0555699,19825.6454
0x02cbc5eb5b0616bb8227a0ce38691dba00942d3e,Sparta Labs,0x6cf1d464730d9f976f3637f92e8080603b32edf2,73790.0,0x6cf1d464730d9f976f3637f92e8080603b32edf2,73790.0
0x0506282d797c0f353dc15f608b550b0f261190fc,Trucero,0x46a2cd3ad59de9b97eb494d7967545ea13cfc7c9,10387.840061984101291896,0x46a2cd3ad59de9b97eb494d7967545ea13cfc7c9,10387.840061984101291896
0x05736c284349a8bd14d02f6561dca3abf8e273e8,JPS,0xd8c2be7ec4b92fa9afc0e60410c81f7b34db7071,5917.508583656856837754,0xd8c2be7ec4b92fa9afc0e60410c81f7b34db7071,5917.508583656856837754
0x076f9af7d806c58c256df7f965c920eba650577b,BCH Nodes,0xcf1fa679bc864c13da91fd60003bcb2008204480,21319.815093250628253148,0x16967ff33b4a5c19143c5d5b3287f50cb257ad47,5064.657316476767135481
0x076f9af7d806c58c256df7f965c920eba650577b,BCH Nodes,0xcf1fa679bc864c13da91fd60003bcb2008204480,21319.815093250628253148,0xcf1fa679bc864c13da91fd60003bcb2008204480,5667.916417792705165436
0x076f9af7d806c58c256df7f965c920eba650577b,BCH Nodes,0xcf1fa679bc864c13da91fd60003bcb2008204480,21319.815093250628253148,0xe1947e3ccab2b6c46987eeccca6f5189d263c128,5504.03061600151324868
0x076f9af7d806c58c256df7f965c920eba650577b,BCH Nodes,0xcf1fa679bc864c13da91fd60003bcb2008204480,21319.815093250628253148,0xeeb924b1e2b6ee4e55de1de6eae6c85aad8b8a32,5083.210742979642703551
0x079f511ae7a11495d8ef643a9b8d5ffed7fb96a1,ALPHatauri,0x7130ba45b7d292fbceff39a96235751d7afffe1d,86680.0,0x7130ba45b7d292fbceff39a96235751d7afffe1d,86680.0
0x0d76a6a5302bd763b313e1dcc30f31f61d46856c,Flynn's Node,0x8ee54ed42fac878dd38a84192c22362f66d04339,48870.107703034482897892,0x8ee54ed42fac878dd38a84192c22362f66d04339,48870.107703034482897892
0x0d9db44c15c201ea76b7f0d74280ce3ff41f310d,KRAFTWERK,0x90626328688ebafad0a51abb421c85f09df58854,10003.19739127656293106,0x90626328688ebafad0a51abb421c85f09df58854,10003.19739127656293106
0x0fa6252e0434defd87f7fd1448ba4f98a4a52949,lion97,0xb75e8c20cd4fdfd351cc70c3c0f340f2498e04d5,102475.089486242210820987,0xb75e8c20cd4fdfd351cc70c3c0f340f2498e04d5,102475.089486242210820987
0x103458c120fde862c907d84bc3b9b5820d4d9325,Dnar,0x681f739a74791e7b5333406fc26550004a785d28,11521.176626325331269609,0x681f739a74791e7b5333406fc26550004a785d28,11521.176626325331269609
0x103c637ab187f3ed8df949a9249b5cc6873f20c6,rribeirom,0xe6e1c8bd552c8e462aa7cbc2bfe99ab2e08c10d7,45327.771086939168788441,0xe6e1c8bd552c8e462aa7cbc2bfe99ab2e08c10d7,45327.771086939168788441
0x10e304f965be9752bb1b203811435ff99c049c0f,Abssolum,0x8064d48e6232f0b0e91bdaa6b5cf2ca778f0b6d9,5958.068582894622457106,0x8064d48e6232f0b0e91bdaa6b5cf2ca778f0b6d9,5958.068582894622457106
0x1486381c12447bf91f7d19c4c65afa9986c42862,bilof,0x8fd8eb7d28d1f1d6542fb440b2b71b62e92e5d94,5100.0,0x8fd8eb7d28d1f1d6542fb440b2b71b62e92e5d94,5100.0
0x163bce7dd4a2720e4a9857d8993b00488e8210a4,klems,0xf5035f5499799835b4cfde1f09efd4a5b360032c,23873.888980998279090196,0xf5035f5499799835b4cfde1f09efd4a5b360032c,23873.888980998279090196
0x176ddc22cc8267aeaa858e2463e7410fd026e2e8,PREHAB,0xc435b51cd082e2e9605f0af188cf071162fac14e,83286.784532369043566886,0xc435b51cd082e2e9605f0af188cf071162fac14e,83286.784532369043566886
0x17a0c69678120633fbcb0cfae37817aaa01f5855,StreamrYield,0x3324a0d2d5e8b15f19b5b6f840b925dbfef45ce0,279556.71400610423373382,0x3324a0d2d5e8b15f19b5b6f840b925dbfef45ce0,279556.71400610423373382
0x189f13223436efa6b1f60148c7ba4a38445ebae1,Fudo,0xc18db07619cc84f0c7e401ac9e495a19d8f7ca6a,909725.239144174454158516,0x157447449e378983e983d5b0369b107855fb269f,5276.422923855977535465
0x189f13223436efa6b1f60148c7ba4a38445ebae1,Fudo,0xc18db07619cc84f0c7e401ac9e495a19d8f7ca6a,909725.239144174454158516,0x1e9858a0c991ceb6c0b40ce63c9ab48cfa1bc405,36200.057996306067115886
0x189f13223436efa6b1f60148c7ba4a38445ebae1,Fudo,0xc18db07619cc84f0c7e401ac9e495a19d8f7ca6a,909725.239144174454158516,0x400f66a36910b3d5029ad18fbdaa2616d01c0e6a,6834.364764635446171837
0x189f13223436efa6b1f60148c7ba4a38445ebae1,Fudo,0xc18db07619cc84f0c7e401ac9e495a19d8f7ca6a,909725.239144174454158516,0x4b49f42d9c2421467aec3d3512a790df4724d03e,21252.443829446240756693
0x189f13223436efa6b1f60148c7ba4a38445ebae1,Fudo,0xc18db07619cc84f0c7e401ac9e495a19d8f7ca6a,909725.239144174454158516,0x4cf6a6dfecca98bbbb23f6ad97cc2bc4f6d9ef81,5716.816705139925453648
0x189f13223436efa6b1f60148c7ba4a38445ebae1,Fudo,0xc18db07619cc84f0c7e401ac9e495a19d8f7ca6a,909725.239144174454158516,0x582ee7663553968db9ead12ea2e26669d8596fb2,153893.292442955542204681
0x189f13223436efa6b1f60148c7ba4a38445ebae1,Fudo,0xc18db07619cc84f0c7e401ac9e495a19d8f7ca6a,909725.239144174454158516,0x6c2c6e1e556c876b6eb3455f444d765d6f36c872,37449.182758058649886363
0x189f13223436efa6b1f60148c7ba4a38445ebae1,Fudo,0xc18db07619cc84f0c7e401ac9e495a19d8f7ca6a,909725.239144174454158516,0x789bcf2f1856a20fcf9efb86bb9324840539ea3c,229076.270522029504129418
0x189f13223436efa6b1f60148c7ba4a38445ebae1,Fudo,0xc18db07619cc84f0c7e401ac9e495a19d8f7ca6a,909725.239144174454158516,0x9295e419c4d2601f15cd9a5fd7adda24a0a144dd,15371.118445210660753414
0x189f13223436efa6b1f60148c7ba4a38445ebae1,Fudo,0xc18db07619cc84f0c7e401ac9e495a19d8f7ca6a,909725.239144174454158516,0x941dd898aec01a1fe15aaa37f29ac8f7560bbce9,15378.944687623837590521
0x189f13223436efa6b1f60148c7ba4a38445ebae1,Fudo,0xc18db07619cc84f0c7e401ac9e495a19d8f7ca6a,909725.239144174454158516,0xb1f0e71f77f8e4d2963831c08a7c5571275e53a2,71783.394530736888905768
0x189f13223436efa6b1f60148c7ba4a38445ebae1,Fudo,0xc18db07619cc84f0c7e401ac9e495a19d8f7ca6a,909725.239144174454158516,0xb9b762ba6b7e6c484f532ff560f10bdbd6c48258,3276.926415109118258453
0x189f13223436efa6b1f60148c7ba4a38445ebae1,Fudo,0xc18db07619cc84f0c7e401ac9e495a19d8f7ca6a,909725.239144174454158516,0xc18db07619cc84f0c7e401ac9e495a19d8f7ca6a,305305.307749433850466024
0x189f13223436efa6b1f60148c7ba4a38445ebae1,Fudo,0xc18db07619cc84f0c7e401ac9e495a19d8f7ca6a,909725.239144174454158516,0xfd7e9bd7ab546fea3ea775f9a6e74e1b56d1d1a1,2910.695373632744930345
0x1912b8e8498514d8dff84fd14a06435a747e52ef,Technolify,0x93eafa847be6f09c436ee0a3655de4f47a4947c8,5170.9760651596,0x93eafa847be6f09c436ee0a3655de4f47a4947c8,5170.9760651596
0x19f5f8da11cf147ecfb57816135bbe916475eb44,HiTech Hayekian,0xf38588c716f0290cd9457f3cfdb3e5f3037023c4,7148.953787925858722357,0xf38588c716f0290cd9457f3cfdb3e5f3037023c4,7148.953787925858722357
0x1dceb55d35a93e7ee34675b0f8427a53d4877a92,nodes.quest,0xdb32aa47a9cc3e2a2de5971b3213e99513f658a0,2047940.438159170612749697,0xdb32aa47a9cc3e2a2de5971b3213e99513f658a0,2047940.438159170612749697
0x1e8c21b4160bacf98b3165112cda7ba5fed83f72,zuk,0x6394071be05dc758a3b8100f1b264875e764dde2,49643.879472801567476954,0x6394071be05dc758a3b8100f1b264875e764dde2,49643.879472801567476954
0x20ce1e785d993740247bd777cab07db45a10dcc9,Vivid Round Enable,0xf5378d25009d38d3df9e2a942882f004c58e4587,29.92051581,0xf5378d25009d38d3df9e2a942882f004c58e4587,29.92051581
0x20dc607556c1749eee88094631bba9506ebb83fa,CryptoEnzo-OperatorNode,0x13f2379b2380a7614945fdadd2683591036ecbd5,6009.952984737863346817,0x13f2379b2380a7614945fdadd2683591036ecbd5,6009.952984737863346817
0x216142cc2442df78369826de0e4f2cd7f71f61a7,LiquiCity,0x1709148a9c9abcce48744c20c0266948bc6c9fce,5000.0,0x1709148a9c9abcce48744c20c0266948bc6c9fce,5000.0
0x2196e114dcab75a9601a07691e2bd9cad4d3c1b5,Ride The Lightning,0xadf85f474478ac00b9368ced892d0e23c30ef714,71583.292991043281423908,0xadf85f474478ac00b9368ced892d0e23c30ef714,71583.292991043281423908
0x21ff1bb650a3089a2d7c4c62c5d5022621e1f1ef,Niux,0x89a6e7adbc17ffee13f9e6805adf2a9d1bff9944,11127.400643918956196523,0x89a6e7adbc17ffee13f9e6805adf2a9d1bff9944,11127.400643918956196523
0x2298549b0ac17c7f2b0ff9a4c087d623dbd6464e,00StreamOperator,0x6469c5c862ff54a489a07d83c1690e7c549baa7a,13082.0,0x6469c5c862ff54a489a07d83c1690e7c549baa7a,13082.0
0x23a2feb05ef98aa8437b25b112db44959b352838,StreamrGPT⚡️,0x7b319641b0cb8cbc171dc3356d7b9ffdcbdd985b,28867.28513111623856983,0x7b319641b0cb8cbc171dc3356d7b9ffdcbdd985b,28867.28513111623856983
0x25fe4bf122147ed65e1577f30c8b5b2d1e0f3780,Fantastic fork,0x601aae7f7012a470abd9477e8336e9716b87c3aa,12068.508828933617939265,0x601aae7f7012a470abd9477e8336e9716b87c3aa,12068.508828933617939265
0x279f3df588984975f2c5f8e04f42c4c3f195f3bc,AlphaLoot,0x55015f8a1c05f9fb44bdd9e09545c9e07a609193,7677.141257682588110964,0x55015f8a1c05f9fb44bdd9e09545c9e07a609193,7677.141257682588110964
0x2c8f3d2092ddc61c802202ae92e59667d59a45e5,Lemon Throw Step,0x3e506335e8eeb2745002233f469a4fcee8fd38f6,1512.719353438871181147,0x3e506335e8eeb2745002233f469a4fcee8fd38f6,1512.719353438871181147
0x2f66a95fd18d1fb2de05c3f6a4107653772f910d,Rumnkoke 1.0,0xa6ef35c9dd0c76d61c8bc142af4bb53a328e68aa,7834.722424472729638078,0xa6ef35c9dd0c76d61c8bc142af4bb53a328e68aa,7834.722424472729638078
0x31600b3b0533b120f1194a29f8f8c043307bd43a,MCM.Streamr,0xd7838f40661efe503e0191a7160973819ead4a47,10997.2269874915032492,0xd7838f40661efe503e0191a7160973819ead4a47,10997.2269874915032492
0x319e425d7abb9e5463b6e7e830965d52a05000b3,Kitty,0x5caa48419624ad33e96ab87b64c3822e20e95811,3.0,0x5caa48419624ad33e96ab87b64c3822e20e95811,3.0
0x3584066c154db832ddbe24fdfcb32cb8345f8d7d,Swiss Lapi Operator,0x6868ef5ecfadc742b7f2686bafeadcc0b7550bac,5504.145515063043887185,0x6868ef5ecfadc742b7f2686bafeadcc0b7550bac,5504.145515063043887185
0x35e102e3edd5bea2f50166c752ed9bcdf0a4fa42,Myrilandel,0x029de5acb471b24d367cd71459d7542dd352de62,17991.858854136795316964,0x029de5acb471b24d367cd71459d7542dd352de62,17991.858854136795316964
0x362ffe9db90cfaee11621b98f6eb0562c35bb7ee,BYK Data,0x530550e005bfeb24a392e77319961e1f32b1d5ce,37827.956684661150064547,0x530550e005bfeb24a392e77319961e1f32b1d5ce,37827.956684661150064547
0x36413497e867c930eb73280ac2231f25c62de9eb,Nitro62210,0x82a1cd09e82d42ab3fce4d68ffb13f38201b2bda,36318.434871558475065769,0x63500f60a8b3f206c6e2fff69a6b0d6c6c37332e,4497.125053475089296509
0x36413497e867c930eb73280ac2231f25c62de9eb,Nitro62210,0x82a1cd09e82d42ab3fce4d68ffb13f38201b2bda,36318.434871558475065769,0x82a1cd09e82d42ab3fce4d68ffb13f38201b2bda,7702.879490310791560547
0x36413497e867c930eb73280ac2231f25c62de9eb,Nitro62210,0x82a1cd09e82d42ab3fce4d68ffb13f38201b2bda,36318.434871558475065769,0x8dd44ee0e7d55ceac8a7dcfa335be9c8f2a88e61,11991.046234587554502996
0x36413497e867c930eb73280ac2231f25c62de9eb,Nitro62210,0x82a1cd09e82d42ab3fce4d68ffb13f38201b2bda,36318.434871558475065769,0xafd83de9fdf6fc7403c6830489f8a211bf73d15e,12127.384093185039705717
0x369db96cedda7804a62d510798b30d8c83a81c89,BOOST YOURSELF,0x323cc700255edeb10028fd4af7e3f7a3bcea277d,24949.184285507660608004,0x323cc700255edeb10028fd4af7e3f7a3bcea277d,24949.184285507660608004
0x3809719df82d8cc2bc51d2e95144312a636f9a75,For the Dads,0x2611f2475291d3091a129581388a37725ca1e1f3,6159.857467657539148697,0x2611f2475291d3091a129581388a37725ca1e1f3,6159.857467657539148697
0x382cff4589e61d5ed18f2891eb574c9a148db6a8,Heath's Streamr 1.0  Operator,0x307a0b544129a1172a26676e84c93e7d13b25ef1,5822.750321675837316972,0x307a0b544129a1172a26676e84c93e7d13b25ef1,5822.750321675837316972
0x387672a2e1999538d1454365fd488102c3621537,Kosuke,0x5e5c752bc69d5b1cf2b80e238338bc2d0d85959b,5000.0,0x5e5c752bc69d5b1cf2b80e238338bc2d0d85959b,5000.0
0x3c25ae26626530b3465ef42acd841104817efe49,GROOT,0xebe346bc979742e7a378c16f2d36c8bba25907ff,111695.389910110188914105,0xebe346bc979742e7a378c16f2d36c8bba25907ff,111695.389910110188914105
0x3c9a75cf19b4dd221ce69babdf33ae26a9c0df8a,Electron's New Node,0x15c8aba4c044b54d055e46fd9aca08c4f4f8424f,10500.0,0x15c8aba4c044b54d055e46fd9aca08c4f4f8424f,10500.0
0x400a1d5069defd0af3240027ea6676cf88110985,SymbiotAI.com,0xc2ae2d5523080b64cc788cddc91ff59a3e29f911,776.971457254379289403,0xc2ae2d5523080b64cc788cddc91ff59a3e29f911,776.971457254379289403
0x4125776266d0f2681892d291fd4052521c3ade90,Streaming Data,0x216cba53835b67782f98face30c3f61f5d36657e,5715.8430397301999856,0x216cba53835b67782f98face30c3f61f5d36657e,5715.8430397301999856
0x415a97eb65c81a8b8fb8d1747ce36e27fe1463e8,JRAStreamr,0x43fc66d4876baca379bc22e6afdef43a017a5068,18689.930593258614838883,0x43fc66d4876baca379bc22e6afdef43a017a5068,18689.930593258614838883
0x43f086e986fe3b06b9b8d53570099459c89ae79c,Streamr Mainnet 1.0,0x274a3c047438f145bb435096fa52374c0863f624,114394.756680959395010131,0x274a3c047438f145bb435096fa52374c0863f624,114394.756680959395010131
0x454dfb20eac0a78c0762d83b148801dabab567e5,WinStreamr01,0x07e21e1eca7b770457d739cebdf07ce6558f8840,173.409174917841390533,0x07e21e1eca7b770457d739cebdf07ce6558f8840,173.409174917841390533
0x476483a9b715475f0a1c4119022e18ca3aa5e1c9,PXL Service,0x4f94ab321f28866168f5b3f1767246d0226ae7d5,10500.1907456176241942,0x16342fc629006f42bf0b57e5a93defaa09533ad6,5000.0
0x476483a9b715475f0a1c4119022e18ca3aa5e1c9,PXL Service,0x4f94ab321f28866168f5b3f1767246d0226ae7d5,10500.1907456176241942,0x4f94ab321f28866168f5b3f1767246d0226ae7d5,5500.1907456176241942
0x494e4db0df075d3a6170b80d50d875a79573fa66,Le stream Français,0x9c19f2ffd274c43047b5a9b30d014a418305132a,95759.846692597079197959,0x9c19f2ffd274c43047b5a9b30d014a418305132a,95759.846692597079197959
0x4961a2ec52f4760cff2afeec888e8e8b7b22c004,Deutschland,0x35111294ca72308f7950c631ae8a60976f6dc5a5,70482.778914695463632191,0x35111294ca72308f7950c631ae8a60976f6dc5a5,65094.208399239971858503
0x4961a2ec52f4760cff2afeec888e8e8b7b22c004,Deutschland,0x35111294ca72308f7950c631ae8a60976f6dc5a5,70482.778914695463632191,0x926f509083cc220bd6ff62b35f3a9a3e4c82e1e3,5388.570515455491773688
0x497ec54fa05f581ccca2d7a3f4c324497902cae7,MacP Trading,0x6c9fe7f8b688202e4f94e5d35311887cc1f7a420,34544.0842329209750395,0x6c9fe7f8b688202e4f94e5d35311887cc1f7a420,34544.0842329209750395
0x4adb0d30f8212112e09a9962aa36ae90b2b03eb1,IATG2001,0x1066a983a43784a5ca8d1d07bbbe001e6b3e4f9f,5436.941370635070861524,0x1066a983a43784a5ca8d1d07bbbe001e6b3e4f9f,5436.941370635070861524
0x4b0d5a95624c8f20d79e4a2278c1a7da16a3472e,BF,0xe936f372338865f117c5e96ffa81a2e1aa031b4b,1144576.002823558634245393,0xe936f372338865f117c5e96ffa81a2e1aa031b4b,1144576.002823558634245393
0x4b1bdc4272b5fc63b632ea80dade8317ae90330e,Sagittarius A*,0x056aa97af2fe488e596795b899b26ff4a79bf129,15000.0,0x056aa97af2fe488e596795b899b26ff4a79bf129,15000.0
0x4d9223066d3bd3230e827299dbde95a23cc8e872,Haaasi,0x3289407291724fca33d0337ce753735a7a4f5a79,5189.0,0x3289407291724fca33d0337ce753735a7a4f5a79,5189.0
0x4e334b022822871fe7aa3b2a05b99d7fb654939a,freestriker00,0x4df472cfb73ff0fbd4615bb478a064f006d011b5,5000.0,0x4df472cfb73ff0fbd4615bb478a064f006d011b5,5000.0
0x5203736c7c9ce65bf4092dca3c2e94c21fdc80f2,Etlv,0xc378ae7020ae0615dde7d19c4a5213db5fc47767,77161.01099436713876264,0xc378ae7020ae0615dde7d19c4a5213db5fc47767,77161.01099436713876264
0x52b58c9c11ca725799cfcf38855d64126f5a5a55,NettoPianist,0x1e73ffbbb4c1cb8c0e56cfe730733579488657b9,48263.502699098712937153,0x1e73ffbbb4c1cb8c0e56cfe730733579488657b9,48263.502699098712937153
0x54228d7576896171707f7e5b391eb5582f19c04a,Organorf Streamr Node,0x89e1d6f04073a64ec49bb2a3a09d942ecbd68cf9,10769.017986123273604019,0x89e1d6f04073a64ec49bb2a3a09d942ecbd68cf9,10769.017986123273604019
0x5539d3ca1ca2146255c9992880eea1d954e83e5d,Ultra3,0xc55f9bffc77cb66f4ece08976952b16ef7682ccd,5000.0,0xc55f9bffc77cb66f4ece08976952b16ef7682ccd,5000.0
0x55d636d30fb5c935f05e5f88fb32f49fefed65cf,MsT,0x439446ae1ccd44f184fd6e1d844ea779444095d5,21552.730332906328607934,0x439446ae1ccd44f184fd6e1d844ea779444095d5,21552.730332906328607934
0x568eceb03629a1000f11cc5d36fad700839eaea3,Brutus,0x02febd702ce3bc89bf74beee9a6abf68d7ff00b8,43479.272006816649825376,0x02febd702ce3bc89bf74beee9a6abf68d7ff00b8,43479.272006816649825376
0x5a6eb4699f9b74195e0e832152883e343e8cad65,DrakeColdwinter,0xf26afbdde05d00b7bc4f62145a1aea9fd0105b06,5081.242981369274379079,0xf26afbdde05d00b7bc4f62145a1aea9fd0105b06,5081.242981369274379079
0x5b975726e6676d111b62b95476c6f2868532aba4,MMG | Streamr Operator,0x164e5a79ce1c65f12d1e96e2ba737bf4cbc6c44e,232396.676709116123743027,0x164e5a79ce1c65f12d1e96e2ba737bf4cbc6c44e,216594.103686811490156736
0x5b975726e6676d111b62b95476c6f2868532aba4,MMG | Streamr Operator,0x164e5a79ce1c65f12d1e96e2ba737bf4cbc6c44e,232396.676709116123743027,0x22fcaec71206f3e4422eb97ac9c846ea6b363a7b,15700.0
0x5b975726e6676d111b62b95476c6f2868532aba4,MMG | Streamr Operator,0x164e5a79ce1c65f12d1e96e2ba737bf4cbc6c44e,232396.676709116123743027,0x72e65042e5fe8ae73c4bfdf8ba86d961a4000770,102.573022304633586291
0x5c36ff5b6fb2fbb556978c7dc71b550dce5313b1,NexuSecurus - 100% ReStake,0xf895404abb5a89a512c6172545580a3627e9054a,1197973.02799281670862004,0x0121065e6cd1b3282f6ea0743f79e147d7a1e6b7,17681.492056344247010761
0x5c36ff5b6fb2fbb556978c7dc71b550dce5313b1,NexuSecurus - 100% ReStake,0xf895404abb5a89a512c6172545580a3627e9054a,1197973.02799281670862004,0x6b5001cddad6299e21ed595101323e158affd579,219998.80777888972458734
0x5c36ff5b6fb2fbb556978c7dc71b550dce5313b1,NexuSecurus - 100% ReStake,0xf895404abb5a89a512c6172545580a3627e9054a,1197973.02799281670862004,0x725c49b2f78cf01c5119b1889a719926cd5c7089,298580.267330270678078291
0x5c36ff5b6fb2fbb556978c7dc71b550dce5313b1,NexuSecurus - 100% ReStake,0xf895404abb5a89a512c6172545580a3627e9054a,1197973.02799281670862004,0xf895404abb5a89a512c6172545580a3627e9054a,661712.460827312058943648
0x5ca4c92adaea2ee70a89f9df8e096ba866aedb98,Swiss DePIN,0x5c8a23b9937febda9782dd317786008fd481dda7,32211.669586355329109405,0x0a3c04b5db246bbaa253a7ddde014f4d221c5d11,646.574424477671544693
0x5ca4c92adaea2ee70a89f9df8e096ba866aedb98,Swiss DePIN,0x5c8a23b9937febda9782dd317786008fd481dda7,32211.669586355329109405,0x5c8a23b9937febda9782dd317786008fd481dda7,31093.279464770153970251
0x5ca4c92adaea2ee70a89f9df8e096ba866aedb98,Swiss DePIN,0x5c8a23b9937febda9782dd317786008fd481dda7,32211.669586355329109405,0xb49e9508ff49e53739a72435d3c41ed05519a4f0,471.815697107503594461
0x5e0a364cdf5499e938ac4ccd5f1b0762ef240ee5,WamaisixStreams,0xd937e8d00be2a11dd2ebdff9a5bcfc416c2978ba,67062.37023908014787544,0xd937e8d00be2a11dd2ebdff9a5bcfc416c2978ba,67062.37023908014787544
0x5fe3da18aef56417a4e226b54c23cbe4fdf03858,Magellan,0x583eebb8c3178c0ee4fa4c74536b987871ade682,10500.0,0x042596cf8c56bae22750847a7eb19164fd1698fb,5000.0
0x5fe3da18aef56417a4e226b54c23cbe4fdf03858,Magellan,0x583eebb8c3178c0ee4fa4c74536b987871ade682,10500.0,0x583eebb8c3178c0ee4fa4c74536b987871ade682,5500.0
0x632c871e448a52fea93d5d53d2b304417298c217,Sebinouze,0x16832664a66ed32fe4ecea571bf77ec11c4415e3,17739.0,0x16832664a66ed32fe4ecea571bf77ec11c4415e3,17739.0
0x65b9266b84ddbd417e37f6bdf5265f1015fe146f,The Smooth Operator (Streamr 1.0 mainnet),0x6922a1d33d73a02391351a4b0c31d48619221694,6000.0,0x6922a1d33d73a02391351a4b0c31d48619221694,6000.0
0x6643e72011ed0fe124fdb61b11132a5a643f2732,Bugalho,0x600620baeada02160a8c08dd7deb4dbf2668d840,7773.324967786421371504,0x600620baeada02160a8c08dd7deb4dbf2668d840,7773.324967786421371504
0x666812f4e544bf523b8c690cf5b35ea40c2a372e,CyberSentinelle (New),0xf6f69cf660eebc0f021482c55ba09ee1caa8162e,35049.033547952557060751,0xf6f69cf660eebc0f021482c55ba09ee1caa8162e,35049.033547952557060751
0x685350f8ca38d48815bb670e480b24edd407e8d6,bitManna,0x5479729956557d3d37a7ae5ac7a3fce95c7bd150,83454.0,0x5479729956557d3d37a7ae5ac7a3fce95c7bd150,83454.0
0x685837bcf26b9486913f02075e78105f0e4332eb,NMFStreamr,0x1b5fc9612480c94af9b459425bd966d3bec80054,61273.21565957985613,0x1b5fc9612480c94af9b459425bd966d3bec80054,61273.21565957985613
0x686123590049a28e8a926462b457efbc7b4494c0,Streamr for Days,0x4cc69dbd822dfefb606209407e688beaf4af6e55,108657.855160034440584105,0x4cc69dbd822dfefb606209407e688beaf4af6e55,108657.855160034440584105
0x693815ed051f8c9e53db7ff8ae915bd85eb76734,Olympus,0xe42e5a2d77385290e2c5dd3f7780f78506745f26,15720.0,0xe42e5a2d77385290e2c5dd3f7780f78506745f26,15720.0
0x6aa0c4c8b7059b31b65fc0809a240ee1ff0a969e,709,0x3ff15b69cead090110306d331f9c296cb9b28e38,24655.058898,0x3ff15b69cead090110306d331f9c296cb9b28e38,24655.058898
0x6ac8a39edbda5728d787a4133dbd5a29655a9531,AaxCrypto,0xe1020ef868185c774048c1712d50f6bdc0c61df0,629733.166307319545177869,0x0a7fb5faf6001426f7e0ae81c329800fdd3b30a1,23336.07732174443237612
0x6ac8a39edbda5728d787a4133dbd5a29655a9531,AaxCrypto,0xe1020ef868185c774048c1712d50f6bdc0c61df0,629733.166307319545177869,0x77847c5da38dc3d385b1753392c0b7ce64536930,115486.543331694461449487
0x6ac8a39edbda5728d787a4133dbd5a29655a9531,AaxCrypto,0xe1020ef868185c774048c1712d50f6bdc0c61df0,629733.166307319545177869,0x9f60c5ce81de17cc6ec93461203e3e53a908c546,10974.067314384372089576
0x6ac8a39edbda5728d787a4133dbd5a29655a9531,AaxCrypto,0xe1020ef868185c774048c1712d50f6bdc0c61df0,629733.166307319545177869,0xb833b853b851f7d2bfa4925ea08ef8a6d9409fb2,9885.005523227532246691
0x6ac8a39edbda5728d787a4133dbd5a29655a9531,AaxCrypto,0xe1020ef868185c774048c1712d50f6bdc0c61df0,629733.166307319545177869,0xc710f631d24383ba9c78e4d4c1184768b8952814,3431.032895226712558984
0x6ac8a39edbda5728d787a4133dbd5a29655a9531,AaxCrypto,0xe1020ef868185c774048c1712d50f6bdc0c61df0,629733.166307319545177869,0xda9909b3ed4e797204c0037cbf72a7fa2d3c0951,11232.352147007747391231
0x6ac8a39edbda5728d787a4133dbd5a29655a9531,AaxCrypto,0xe1020ef868185c774048c1712d50f6bdc0c61df0,629733.166307319545177869,0xe1020ef868185c774048c1712d50f6bdc0c61df0,455388.08777403428706578
0x7086c975c083a7b29398769f7209e9cb3361f5e1,Too Simple,0xb20b2bd972500552307b0ff1e245b294e540836e,1848633.582344847221518506,0xb20b2bd972500552307b0ff1e245b294e540836e,1848633.582344847221518506
0x708e7d12ff9d5a4a57c6f6e12d45fc658d9fd8f8,PigDIP,0x212aa63c85cd531f81d638f85f6aa5127c9e2a03,11000.0,0x212aa63c85cd531f81d638f85f6aa5127c9e2a03,11000.0
0x712bcd73c28bf2b1ab6aa27b6c402b2e63385fd5,DATA Node,0xcfbb8a33308e60c729ae518d98bcc128711667e4,13244.400128433793203378,0xcfbb8a33308e60c729ae518d98bcc128711667e4,13244.400128433793203378
0x71a0cd18a24ec23335ed5d0f691b0dcb8efe26a7,Monk Miner,0x2972125d64f5c10600769dd881394b002d45016b,25864.367553765572878946,0x2972125d64f5c10600769dd881394b002d45016b,25864.367553765572878946
0x72b3a395c52ee3495eb01f700182a4de5297dd20,Afrodance,0x9d6345c3f3cf428427eb26ce14de4f908a972168,8158.732665059810455853,0x9d6345c3f3cf428427eb26ce14de4f908a972168,8158.732665059810455853
0x757951e12800b18b279afc25f1697aa2aa90cdcc,Threab Operator,0x37482a4d72792c15c72b7cf624d1720338edf74c,35990.463199965556494438,0x37482a4d72792c15c72b7cf624d1720338edf74c,35990.463199965556494438
0x76121afd652ec741b2c996ba664b3d7e9ff43901,Denis B,0xfdffc979c69634802296caa87f70ecc3dcd8342d,20700.0,0xfdffc979c69634802296caa87f70ecc3dcd8342d,20700.0
0x7edf4107ad7845533e6507e6db38eb37160beca3,Spongemoe (new),0x1372ff060cd9e51d16aba52a9170f76e57127680,43237.172558833657658662,0x1372ff060cd9e51d16aba52a9170f76e57127680,43237.172558833657658662
0x7ee89c4304f06e132296213352d45bbe85d3b487,StrmOP,0x6e69a391b8884841845c3250cfbc731062302ca9,5100.0,0x6e69a391b8884841845c3250cfbc731062302ca9,5100.0
0x7f9e49297a735b8e5e30917bb2847c9f53ec7e59,RandomPlanet,0xa6c8907a8c8fd92c03fa2573b98453e57b9810e3,436665.050953018054604338,0xa6c8907a8c8fd92c03fa2573b98453e57b9810e3,436665.050953018054604338
0x8299f11728da88c51d6171591809f71918b6365f,Grumos.fr,0x7181dab4121d934bebb0c9c8b0441e1c08bc7b77,15979.680560407425905352,0x7181dab4121d934bebb0c9c8b0441e1c08bc7b77,15979.680560407425905352
0x82e4a5f95ead5a27256e30b0094cfb63f7e8cf03,roisto,0x8d4a3d361556d2c57802266130de1290d8e35869,10409.881752366293970642,0x8d4a3d361556d2c57802266130de1290d8e35869,10409.881752366293970642
0x83f241d590667f4f92d36bfe03fb067043d792ff,actarus,0x585a1af86ec8048fa0e0bb4b9d1d976079460f38,60970.210158252818513901,0x1ca4c419994a7f222c6529fa6dafa183f0bd962b,2542.525108885178956064
0x83f241d590667f4f92d36bfe03fb067043d792ff,actarus,0x585a1af86ec8048fa0e0bb4b9d1d976079460f38,60970.210158252818513901,0x585a1af86ec8048fa0e0bb4b9d1d976079460f38,55970.0
0x83f241d590667f4f92d36bfe03fb067043d792ff,actarus,0x585a1af86ec8048fa0e0bb4b9d1d976079460f38,60970.210158252818513901,0x8b167b894fd968fcbe7805b41e5ae653ec22300a,2457.685049367639557837
0x880a2958f8d530ba825cc4951f0f0f18908eeb53,Streamernodea,0x7673b1316c94b0bb7135dd32b812ab81c5097fc7,56602.285015347669174898,0x7673b1316c94b0bb7135dd32b812ab81c5097fc7,56602.285015347669174898
0x8c64653e780414e1a6189cff91000a620862e59a,Ftkuhnsman,0xb63a2ba291bbc45d7511e1b7e849930a7242e838,63295.264356506630854246,0xb63a2ba291bbc45d7511e1b7e849930a7242e838,63295.264356506630854246
0x8d73301ae96f9ecbbd77c6bc3ae74403149cd699,Lordmido01,0x7a0c8b6cdb879cbc295c7f4248d847e16c7adde6,5100.648769556498775744,0x7a0c8b6cdb879cbc295c7f4248d847e16c7adde6,5100.648769556498775744
0x8d9cf0353effad3afaeaa90dd08c04aebf60cc6d,Global Edge,0x4741f83e2fe41cd02b2a6845ca122951debfe227,11309.527958941723360913,0x4741f83e2fe41cd02b2a6845ca122951debfe227,11309.527958941723360913
0x8e165682848260bf7fe63c242be87377d38e927a,Node.Operator.R1,0x1021f96e305f1dad9de36dea972a53a19c23ca71,5000.0,0x1021f96e305f1dad9de36dea972a53a19c23ca71,5000.0
0x8eee17194515a71a70e8b4142b304b8238ddb73c,Tiflis,0x7aa15a6f584d82eb5486d80c43c221e3359eaa57,44628.199369196601672888,0x7aa15a6f584d82eb5486d80c43c221e3359eaa57,44628.199369196601672888
0x9103201f30871f018b9e8c0243d9b8971534ad77,Artful Alchemist,0x363fbe2d0699a941aa31176eee53c5598627e565,12171.987434388891667179,0x363fbe2d0699a941aa31176eee53c5598627e565,12171.987434388891667179
0x91b6564ca85970dd00728da43e25912b2919ffa8,Happy_Streamr,0x3ed2d2986543f1a0732e418b76569e74b128c450,5000.36731416561986817,0x3ed2d2986543f1a0732e418b76569e74b128c450,5000.36731416561986817
0x92de146f338d1e633a17b6caedcfb91122060c75,Dusterbusch,0xb422021e376b009525642dcc031b0c40e247f9d1,228610.482540071382402529,0x001468e47c32a817fa5af34b8396cb87e4093167,21737.346538523219023705
0x92de146f338d1e633a17b6caedcfb91122060c75,Dusterbusch,0xb422021e376b009525642dcc031b0c40e247f9d1,228610.482540071382402529,0x57467a3dc469ccf089f5a104e28efc8af18b3dd1,97794.648969323959527055
0x92de146f338d1e633a17b6caedcfb91122060c75,Dusterbusch,0xb422021e376b009525642dcc031b0c40e247f9d1,228610.482540071382402529,0xb422021e376b009525642dcc031b0c40e247f9d1,30006.388783847147788783
0x92de146f338d1e633a17b6caedcfb91122060c75,Dusterbusch,0xb422021e376b009525642dcc031b0c40e247f9d1,228610.482540071382402529,0xda316cc0277834729df951e133cd8e63ec8afebe,79072.098248377056062986
0x944ad6503a14b80632ffabcd746574808b0823b7,CyberStreamRedux,0xc0befeefb561897e3a3f90de5f42b3c876b99806,20234.046206121706042006,0xc0befeefb561897e3a3f90de5f42b3c876b99806,20234.046206121706042006
0x95f21ca35f26ae5926c990ebef970926467f048a,Cheese Cake,0xc939eb40ac9b6dde2e623d6fe780cb47a493d5d4,1786.428576290889317939,0xc939eb40ac9b6dde2e623d6fe780cb47a493d5d4,1786.428576290889317939
0x97be97f738b1a3fa35ba10e1f25dd3fb23717f12,H2Ostreamr,0xbda3fa59155c064c3149d77d6e305381f1ba7b02,1281.862845577633037388,0xbda3fa59155c064c3149d77d6e305381f1ba7b02,1281.862845577633037388
0x9873b5ebeaee963929a18e77af3ac66b20cf3de0,Zzz Money Club,0xafc3444e48eb831419e96b6284431b5ed4dc8329,837840.550114220208777894,0x176d9347d31d41cbec66f68a00e30dfbd4c78f0f,5219.770345513444801419
0x9873b5ebeaee963929a18e77af3ac66b20cf3de0,Zzz Money Club,0xafc3444e48eb831419e96b6284431b5ed4dc8329,837840.550114220208777894,0x2178b8bb29fa3ab77af0db69857053326a820158,937.785460704068382382
0x9873b5ebeaee963929a18e77af3ac66b20cf3de0,Zzz Money Club,0xafc3444e48eb831419e96b6284431b5ed4dc8329,837840.550114220208777894,0x3d0fbf66d5333941a1f77bc47659bd1966220376,48224.715451570642933559
0x9873b5ebeaee963929a18e77af3ac66b20cf3de0,Zzz Money Club,0xafc3444e48eb831419e96b6284431b5ed4dc8329,837840.550114220208777894,0x498eb65f655cec8e26367da2efec9e565f242ba5,13616.019520425992683773
0x9873b5ebeaee963929a18e77af3ac66b20cf3de0,Zzz Money Club,0xafc3444e48eb831419e96b6284431b5ed4dc8329,837840.550114220208777894,0x60580737520267df976d16b69dd6b0880722c345,101805.669513873420180977
0x9873b5ebeaee963929a18e77af3ac66b20cf3de0,Zzz Money Club,0xafc3444e48eb831419e96b6284431b5ed4dc8329,837840.550114220208777894,0x85029f5ea54742c64632a27f47526825240fe285,18698.377672910003923174
0x9873b5ebeaee963929a18e77af3ac66b20cf3de0,Zzz Money Club,0xafc3444e48eb831419e96b6284431b5ed4dc8329,837840.550114220208777894,0x88bf450caccd8795dd671e694a280e53d9d29782,53021.620488493785193906
0x9873b5ebeaee963929a18e77af3ac66b20cf3de0,Zzz Money Club,0xafc3444e48eb831419e96b6284431b5ed4dc8329,837840.550114220208777894,0x8fda31168daef4f111d2b36ea4d777d3d21048ab,3893.952778113398592246
0x9873b5ebeaee963929a18e77af3ac66b20cf3de0,Zzz Money Club,0xafc3444e48eb831419e96b6284431b5ed4dc8329,837840.550114220208777894,0x961066afcbaff2f97a4dda2e8cc16cf19356cb77,248688.017518780378113902
0x9873b5ebeaee963929a18e77af3ac66b20cf3de0,Zzz Money Club,0xafc3444e48eb831419e96b6284431b5ed4dc8329,837840.550114220208777894,0xade3e428274ec1e17d284fc0e113a2aebf089c53,10483.505871292207513022
0x9873b5ebeaee963929a18e77af3ac66b20cf3de0,Zzz Money Club,0xafc3444e48eb831419e96b6284431b5ed4dc8329,837840.550114220208777894,0xafc3444e48eb831419e96b6284431b5ed4dc8329,301186.275738045878779552
0x9873b5ebeaee963929a18e77af3ac66b20cf3de0,Zzz Money Club,0xafc3444e48eb831419e96b6284431b5ed4dc8329,837840.550114220208777894,0xc6ea091a8623771be52db5f662b2a445a598fab3,9343.037761261467100648
0x9873b5ebeaee963929a18e77af3ac66b20cf3de0,Zzz Money Club,0xafc3444e48eb831419e96b6284431b5ed4dc8329,837840.550114220208777894,0xe8b11a762e978f16f183f74126d4c4fb035151b7,18872.820813199943747462
0x9873b5ebeaee963929a18e77af3ac66b20cf3de0,Zzz Money Club,0xafc3444e48eb831419e96b6284431b5ed4dc8329,837840.550114220208777894,0xfb6d9a31d8e2d4ad08d112f3814f6d4fb2af6488,3848.981180035576831872
0x9b22c3e1761f50cc6994e1ff845f0652253d0292,FrBZHOper,0xa199476472c365cd09ee084815cee463281c155a,18993.812726110359475434,0xa199476472c365cd09ee084815cee463281c155a,18993.812726110359475434
0x9dc639a2f4f530d45949914b7f6ae0be1a6a038f,DATA_Like_Water,0xf1711905ee7015bfde6dce2d9c7c0b0246cafb5f,5953.981826713543840823,0xf1711905ee7015bfde6dce2d9c7c0b0246cafb5f,5953.981826713543840823
0x9ea339ac1744c0e0892b50534f6a57975a85965b,lolo,0x6766ee1332f6fc973b86a0d83f41557e046d455c,25901.975867936086574821,0x6766ee1332f6fc973b86a0d83f41557e046d455c,25901.975867936086574821
0x9ebff7cec86ffd8bf0553aca60c5dce64850c60a,Zinger Data Nodes,0x54dd72948c8176d742817767217fff3de2a17e77,22500.292216410589073245,0x54dd72948c8176d742817767217fff3de2a17e77,22500.292216410589073245
0x9f580f2fd1cba5d1269023ce134b570db5aab705,node worker,0x624ce1ed71e1b1024c96a0e5582476847292840f,7005.383922854615751413,0x624ce1ed71e1b1024c96a0e5582476847292840f,7005.383922854615751413
0xa040c958a5f58f19ced651a4b9463ff80cf6fb2c,DataMiningCenter,0x829cb63c3220c66ad563641d342ff152a5ee3390,20000.0,0x829cb63c3220c66ad563641d342ff152a5ee3390,20000.0
0xa0c0fe2ba03d8f51e5c8e0329cf1194a559ca31c,3N,0x23595ab80f56367b585947fe8f0a883b3bf08c05,106180.342608546415013708,0x23595ab80f56367b585947fe8f0a883b3bf08c05,20026.703692608600978844
0xa0c0fe2ba03d8f51e5c8e0329cf1194a559ca31c,3N,0x23595ab80f56367b585947fe8f0a883b3bf08c05,106180.342608546415013708,0x5f9d3f84c7a433a15199999fe69eadb7e2d2fa21,21538.451068281690924219
0xa0c0fe2ba03d8f51e5c8e0329cf1194a559ca31c,3N,0x23595ab80f56367b585947fe8f0a883b3bf08c05,106180.342608546415013708,0x697d41551bc827c19882bb87f6a244016e897aaa,16153.796961914030777661
0xa0c0fe2ba03d8f51e5c8e0329cf1194a559ca31c,3N,0x23595ab80f56367b585947fe8f0a883b3bf08c05,106180.342608546415013708,0x9fc5dcfb15086fa19e5ce35894f8755f89dfff19,16153.796961914030777661
0xa0c0fe2ba03d8f51e5c8e0329cf1194a559ca31c,3N,0x23595ab80f56367b585947fe8f0a883b3bf08c05,106180.342608546415013708,0xd50dc208003337b3a224b86bc37d07f3c7318abc,16153.796961914030777661
0xa0c0fe2ba03d8f51e5c8e0329cf1194a559ca31c,3N,0x23595ab80f56367b585947fe8f0a883b3bf08c05,106180.342608546415013708,0xd79a6234afffef012ee2c613d018d1459add4d7a,16153.796961914030777662
0xa6a034a6bfb96ef57c3bc685637a62a5edca3f98,Daydreamer,0x2089eb5ef957fa431fc2b0b8aefb63caeb46ba8d,126883.923912978471035573,0x2089eb5ef957fa431fc2b0b8aefb63caeb46ba8d,126883.923912978471035573
0xa7438c9d3808fc8aaad985c30376f561a9c1c9f3,bergi datanode,0x014991d376781b7bb4c6d68de0fbf353730323ae,5712.979754096837429085,0x014991d376781b7bb4c6d68de0fbf353730323ae,5712.979754096837429085
0xa7f00f73847dc6aabb96fe36e8250907f8f4e67e,NodesAddicted.com,0x5bd71294b34294bd7f8b0de13282030b5400acd3,11911.251241794871881417,0x5bd71294b34294bd7f8b0de13282030b5400acd3,11911.251241794871881417
0xa800986b2e45dc92c385f8f970fafbad55d2e8b1,Node Admins,0xf060896b6fa23b1cca495c552fc85b47f3cea5c1,6778.970962864322238211,0xf060896b6fa23b1cca495c552fc85b47f3cea5c1,6778.970962864322238211
0xad0b0fdd30fc335a9a6ffee79351aafee144745f,Agape Blessings,0x904b3f6d3b88c4a5a880bc89633172c1d1d1b860,10218.974289203386244082,0x904b3f6d3b88c4a5a880bc89633172c1d1d1b860,10218.974289203386244082
0xb1c09aa4ac8f546d7159c5b2d75d79ae396dbddb,yostreamr,0x9f30e3708f39dc482288eaac10e1f13a086fab05,5045.5572,0x9f30e3708f39dc482288eaac10e1f13a086fab05,5045.5572
0xb39122fc9095606fa5e1f54b040ffaf0b324af4d,Tacticarais,0xf150bfb8158cf9c551d48369d2fad49e70649390,5100.0,0xf150bfb8158cf9c551d48369d2fad49e70649390,5100.0
0xb405e24d060bd187bb15bc9de97eb8f4f6ee7f59,root,0xd1be54b994c89c07b1779f77be6781d4c72a3164,8331.651289281662423359,0xd1be54b994c89c07b1779f77be6781d4c72a3164,8331.651289281662423359
0xb4bb214fa41c97a269f2408a61744adfbfa2a840,DavOperatorStreamR-Mainnet RC,0x404f53a2755b4a9d4c47d01ebcc298e4fb9704a9,19726.101901367294006393,0x404f53a2755b4a9d4c47d01ebcc298e4fb9704a9,19726.101901367294006393
0xb62d2bd3b9167f53ae1777842cc1b13bf3c7fbda,NodeBitsDAO,0xde866272360459418c97795737c0a72dbe6d743e,80058.34611067054054739,0xde866272360459418c97795737c0a72dbe6d743e,80058.34611067054054739
0xb677b9860ff4cdee53e51ace943c3cb5ccb262a9,RaD3v.Cloud,0x0c3385f3c5ea36d534ad9daaf546eeb7fc1eafb6,28110.564609031437933909,0x0c3385f3c5ea36d534ad9daaf546eeb7fc1eafb6,28110.564609031437933909
0xbad30e9aadc2f981c7fb8767b905a015c47324f0,kirofacto,0x4e599110f459ce323fc9922e04cc56526d0935ed,15.38,0x4e599110f459ce323fc9922e04cc56526d0935ed,15.38
0xbb3f8736fefe4774bb1dbb1c45b7e1d2fdae2f97,FCC Capital (OLD),0x8a591a669a2c12cfe3a2ef5819b6f0a6eb8472f8,434.406545566254887708,0x8a591a669a2c12cfe3a2ef5819b6f0a6eb8472f8,434.406545566254887708
0xbb7c82f7ed7defa5b1a70fd0629f88fb57a6c4df,StreamRelayer,0xb02ea92d5e0b667dc79487dbd34073e8f83ebf6c,2138.069291962379266551,0xb02ea92d5e0b667dc79487dbd34073e8f83ebf6c,2138.069291962379266551
0xbba59c475bc01135cfaed8c6b653aee7c0ef0c55,OCTIVIO,0x9757ec072cfde29523aaf0a3d3aa3deccbfc5e74,77957.788561592243479838,0x9757ec072cfde29523aaf0a3d3aa3deccbfc5e74,77957.788561592243479838
0xbd25cc1d96724b43dd629381cff100fe6977454d,Nodilicous,0xe885b66814397064f49859d95035017d0fff0255,93880.333796714146277226,0xe885b66814397064f49859d95035017d0fff0255,93880.333796714146277226
0xbf03ab70306a455adfaf9c0e76a95cdd082e58e4,acerieus,0x397ff15917790eaebe4359e4a71739ca0aa07673,6202.419413197003045084,0x397ff15917790eaebe4359e4a71739ca0aa07673,6202.419413197003045084
0xbf3cbe5ef56f87a072d3673d074ed8abd2b67373,pinang-fleet,0x65b579f03f9d7fd6504f10ea5d885a2b694cb4ff,5000.0,0x65b579f03f9d7fd6504f10ea5d885a2b694cb4ff,5000.0
0xbf516194b36bd6af2819fb791065a8fc41ec649b,CHEMONODE,0x91fc4c2788a3a0a972e432a2e79f5cd8a3801a33,42697.436648863932298175,0x91fc4c2788a3a0a972e432a2e79f5cd8a3801a33,42697.436648863932298175
0xbfda420c8c5544fec741efd973cd850af40cfd84,Dreamr,0xa45d66c0daab83a841cb1d8c12ae5fed96ed115c,2181103.979692326777683656,0x13551bf18d289fb7ee8be6fbf92d48b5cb8a8747,3718.652485805900871874
0xbfda420c8c5544fec741efd973cd850af40cfd84,Dreamr,0xa45d66c0daab83a841cb1d8c12ae5fed96ed115c,2181103.979692326777683656,0xa45d66c0daab83a841cb1d8c12ae5fed96ed115c,2177385.327206520876811782
0xc05562dbdc3472ac23b5b3d18f9d8f1debb12374,zagyzagyNode,0xc39271110a7f2e210492d730d2586d32e2c2c37d,6035.86661757136063512,0xc39271110a7f2e210492d730d2586d32e2c2c37d,6035.86661757136063512
0xc09856377803afade096ffb899b0cd695d4db9a3,Le Coin du Mineur,0x2b3f372492706913bb60fa869605cd5d8acc3cd0,5000.0,0x2b3f372492706913bb60fa869605cd5d8acc3cd0,5000.0
0xc49a3b9414f579a87097361cd5b0a3de61f4c623,Spider,0x496d4cdfce1690a098c2a3c8ee40ed2c23a199e5,3.0,0x496d4cdfce1690a098c2a3c8ee40ed2c23a199e5,3.0
0xc62ee4c50c8fcbc93c6f6c87073bb66f82ad5035,LatencySlayer,0x4d61abac50ae13c08efc4de0ec9ef4c2857dcd9f,234854.813027083246973542,0x4d61abac50ae13c08efc4de0ec9ef4c2857dcd9f,234854.813027083246973542
0xc6aa9614de23d8b654c658c5c5891189270a2bdb,StreamrOnFlux,0x2154c44c7e74ebf130a810adb2cdff2d4a35a603,5301.7,0x2154c44c7e74ebf130a810adb2cdff2d4a35a603,321.7
0xc6aa9614de23d8b654c658c5c5891189270a2bdb,StreamrOnFlux,0x2154c44c7e74ebf130a810adb2cdff2d4a35a603,5301.7,0x3685f20b81a9c110bbcb971409961df1c54912c8,4980.0
0xc6dfc70221f4ec0470da132daaa0b81f8ef3c56c,Cats&Synths,0xd083e4c5ac9f2541169b1c3a2cb94ee15e294c4b,6100.0,0xd083e4c5ac9f2541169b1c3a2cb94ee15e294c4b,6100.0
0xc780465c36c4bacee74dabafcb0521327033bede,Frenchop,0xf07c49ea0c4dcd1f72fc9c8f3224220527337d81,5451.530000221790205873,0xf07c49ea0c4dcd1f72fc9c8f3224220527337d81,5451.530000221790205873
0xc86c131628d4511120c5681df3f2752a4e049b30,CryptoTraders,0x21e5d9486ca4c3c0e0cde3b8a96f2e95fad730f0,2652.605192213390485617,0x21e5d9486ca4c3c0e0cde3b8a96f2e95fad730f0,2652.605192213390485617
0xcb1203cab45051843fc8f8a075b55bd5b55cde3a,Freya The Best,0x5e05696c49996f332e60328e440f35b7b07863a6,120000.0,0x5e05696c49996f332e60328e440f35b7b07863a6,120000.0
0xcb2994cb71d3f2685f1043184fdec255e33a33c5,TOTC,0x81eb8691a4198d502e0802b7ac8a670020717b38,51690.201337214704194308,0x81eb8691a4198d502e0802b7ac8a670020717b38,51690.201337214704194308
0xcb33ba742fcbca580021821cda998f5cd5ac16f4,ECO NODE FUSION,0x423b0df4224699a7394287bf4b9201c0734c8f3f,21049.79401484079649751,0x423b0df4224699a7394287bf4b9201c0734c8f3f,21049.79401484079649751
0xcbb74c57c2f41bedfd1fc31a8b8b9c16844f2895,Douceur | Olympus,0x8be5312a0362685ac49ab1da3104ea2b476e104c,68907.293250835768628667,0x6a7e0209afaf36119f856c32e873c6e223dac523,20010.264677018675106153
0xcbb74c57c2f41bedfd1fc31a8b8b9c16844f2895,Douceur | Olympus,0x8be5312a0362685ac49ab1da3104ea2b476e104c,68907.293250835768628667,0x8be5312a0362685ac49ab1da3104ea2b476e104c,48897.028573817093522514
0xcc52b3a63d91fcbb1bb7b973c3fed8c29a39cc86,paalomnik,0x29fa5247183ff403c2ba19a435f401c5707f2d3c,10877.612198771031718093,0x29fa5247183ff403c2ba19a435f401c5707f2d3c,10877.612198771031718093
0xd102ac6f69d5cdc7f972b3319741a7e184d3f9fc,Durianpool,0xcdbf28072c99c435183ce833de7c9db08ebce7d3,36814.602081182533207333,0xcdbf28072c99c435183ce833de7c9db08ebce7d3,36814.602081182533207333
0xd2bccc303aa5a63f6290af71e9ff1d8ef4110ba7,WizeMind,0x4fbb35f4f20e785a11ea15b054b7b03d721399ba,10084.00113900378841387,0x4fbb35f4f20e785a11ea15b054b7b03d721399ba,10084.00113900378841387
0xd552e14baec72d2a435ff6a2c64c47382df911f1,Royale With Cheese,0xa606ebbbeb63efadc12c776f1af5d2d6f238f657,10000.07639394338931086,0xa606ebbbeb63efadc12c776f1af5d2d6f238f657,10000.07639394338931086
0xd78e137753c6935b10da2c6c2c823c181682baf2,Sandalfon,0xd00df26e28473c8dad5096b5e857ea7422ae5977,6000.0,0xd00df26e28473c8dad5096b5e857ea7422ae5977,6000.0
0xd7c40f2f1c6c686e7fd13196852cf7dee6e478bb,Stake.Works | Streamr,0x406c3fef5969b36231bd573adfc34e16f54d23e0,5488.0,0x406c3fef5969b36231bd573adfc34e16f54d23e0,5488.0
0xd86380b6b0c3bf5a4d91ed858752358a9d1cacab,Gerlicrom,0x12b29c04c2900202d338c3a62817bcf488e1659e,5000.0,0x12b29c04c2900202d338c3a62817bcf488e1659e,5000.0
0xdb7997fe122ad37265223def305a2ff56143d17d,MrMikeyJR,0x7fe1a25b3d2b289d0edfdf48d42918a62ebf58ed,5698.98705031373507205,0x7fe1a25b3d2b289d0edfdf48d42918a62ebf58ed,5698.98705031373507205
0xdbeb687deb2bfbb78f0736e3728eaa05388fa9e2,Googloid,0x92546e18885dcb559289e46652580543acb4e91c,300000.0,0x92546e18885dcb559289e46652580543acb4e91c,300000.0
0xdd7eaaae40fa6b4b6c6e52f146d2401fd3323fb9,JohnnyBGoode,0x52b23946ca580e92901659ee258b17eb5626dbad,20209.228839650433248809,0x52b23946ca580e92901659ee258b17eb5626dbad,20209.228839650433248809
0xde1068189381e49401a17a110f6ccf1fb845ec2b,NightNode,0x1fd4fc7ae2a04949ed86b0b1f7efc885b9f900b6,63325.96810109205806212,0x1fd4fc7ae2a04949ed86b0b1f7efc885b9f900b6,41065.805813166872763194
0xde1068189381e49401a17a110f6ccf1fb845ec2b,NightNode,0x1fd4fc7ae2a04949ed86b0b1f7efc885b9f900b6,63325.96810109205806212,0x6b99c66233c1cd41df54d8c2853ad4f86dbd1387,22260.162287925185298926
0xde7163fa27562ec5f28ddec9f8b3757126069482,Morty's Node,0x056ea8365365da2a0c7073b13d1bc8c4bae39a5a,19996.915833481301621482,0x056ea8365365da2a0c7073b13d1bc8c4bae39a5a,19996.915833481301621482
0xe42e50b137e1e31b688b1189f43c051892c680ad,3SixtyMining,0xf44b77699f29e1ca61dc02a0b82dd258323719f6,41921.998568251409402919,0xf44b77699f29e1ca61dc02a0b82dd258323719f6,41921.998568251409402919
0xe6a775a784cf5b86b710fabf326f933f97de821c,m51,0x0a3c04b5db246bbaa253a7ddde014f4d221c5d11,7000.0,0x0a3c04b5db246bbaa253a7ddde014f4d221c5d11,5200.0
0xe6a775a784cf5b86b710fabf326f933f97de821c,m51,0x0a3c04b5db246bbaa253a7ddde014f4d221c5d11,7000.0,0x5c8a23b9937febda9782dd317786008fd481dda7,1800.0
0xe71e0eee41ea07037b8263ea214e96fcce32dfbf,dataDaemon,0x0005f6c64351a2f07865d5c8ec87ca0962365ed9,40000.0,0x0005f6c64351a2f07865d5c8ec87ca0962365ed9,40000.0
0xe7f42c342f9c74ad223fdfef02423e13c7820b79,CryptoHouse,0x3f900a666d34ecc20d2883ad72d8bef4267213dd,10800.074019812063241979,0x3f900a666d34ecc20d2883ad72d8bef4267213dd,10800.074019812063241979
0xe9b24cd3ddb633f586fe75bf135ae29ccb838104,Swigs Staking,0x6f03f52a3a50271f40969bd11e3d21cf868bb453,73473.0,0x6f03f52a3a50271f40969bd11e3d21cf868bb453,73473.0
0xeac4f0e0766ade02355e9c0cb9557fc1fe434334,StreamrNodes,0xfc6e9d9d7a2cc9f144c9e737608bd60d653bbb2f,145152.071852584247181672,0xfc6e9d9d7a2cc9f144c9e737608bd60d653bbb2f,145152.071852584247181672
0xebf5c1dcfd865bab560046dc425b3cdb55a2fcd6,Campfire,0xa6097c602ced922ad77892516ab4fa47bd193689,23187.235323318187182761,0xa6097c602ced922ad77892516ab4fa47bd193689,23187.235323318187182761
0xeec7648e2c2ddf688df8f148fe58889e96c7f8b1,baconxav,0xe929522db998eb39d85ad0edbbdfcf33ed6cd67d,12090.0,0xe929522db998eb39d85ad0edbbdfcf33ed6cd67d,12090.0
0xf352325272053eb0e9b2394d597bfa9491fa2a37,Newin,0xa5673a05689f2b0d9c85c0a2c190fb19bb9c4cbe,116083.073472376129337863,0xa5673a05689f2b0d9c85c0a2c190fb19bb9c4cbe,116083.073472376129337863
0xf392caa3645712103e833267fb3a1a75bc182d84,KCKKC,0x6cb4f8d6a3079efec8a4b5f0beef799181965393,5000.0,0x6cb4f8d6a3079efec8a4b5f0beef799181965393,5000.0
0xf53661dc87ca106f2aa2f8fb4c830613e03c2701,AEM23,0xda53a5e97d118076e5140ce35e052fcd5b99726b,14000.0,0xda53a5e97d118076e5140ce35e052fcd5b99726b,14000.0
0xf9732e20f1bf0ec6f429e5289d294bf28bd791b9,ﾒNodes,0xa5672528cafa65ca8eb4575c5e8779e8f4a670ab,99591.04053454376039312,0xa5672528cafa65ca8eb4575c5e8779e8f4a670ab,99591.04053454376039312
0xf9dffc1f17c9355ae88027090486323d6a23a4ec,steonode1,0x953dbd516457056c9b4498bd3aac3ef3421162e4,5225.0,0x953dbd516457056c9b4498bd3aac3ef3421162e4,5225.0
0xfc586d52da3b9c99cc4006dc966afe3589f35306,endezant,0x5013a1362342731b564d0ea650be99365782561f,5243.807394167978182386,0x5013a1362342731b564d0ea650be99365782561f,5243.807394167978182386
0xfcca869915da86fd8e06904d33f2c2983534877f,CalvinA,0x96e2fe47fc5d5ff72aea129809364310b045d70c,181077.267311897918327738,0x96e2fe47fc5d5ff72aea129809364310b045d70c,181077.267311897918327738
0xfd847432606faa3b13e5810834aa8324bb6572c7,Caterator,0x70c56e9454eea45efbcb58754bb7151d008bbe5e,172599.203398986845287516,0x70c56e9454eea45efbcb58754bb7151d008bbe5e,172599.203398986845287516
0xfde4704f1ef76f495761ad6be4b04fb78c2d98c3,HASM,0x13759dfe2d73255e381b031c8dc433c188a58365,5100.369,0x13759dfe2d73255e381b031c8dc433c188a58365,5100.369
0xff14334a685e2a0ae8192d1b402b0b80ce396e67,Dr Operator Jr,0x4be65a6d94a2b12b602c1cbb94d057438db37d83,5000.0,0x4be65a6d94a2b12b602c1cbb94d057438db37d83,5000.0
0xffbb8d28b5bc53f8ac60d1afbb4bbda682950e51,kalidus,0xe6df364718ccfb96025ef24078b7c8d387a47242,10.4,0xe6df364718ccfb96025ef24078b7c8d387a47242,10.4
